"logtime","timestamp","game time","screen","game state","mapname","gametype","side","hero","group id","SR","highest SR","Eleminations","Objective Kills","Objective Time","Hero Damage Done","Healing Done","Deaths","Eleminations Medal","Objective Kills Medal","Objective Time Medal","Hero Damage Done Medal","Healing Done Medal","Stat name 1","Stat value 1","Stat name 2","Stat value 2","Stat name 3","Stat value 3","Stat name 4","Stat value 4","Stat name 5","Stat value 5","Stat name 6","Stat value 6","enemy hero 1","enemy hero 1 group id","enemy hero 2","enemy hero 2 group id","enemy hero 3","enemy hero 3 group id","enemy hero 4","enemy hero 4 group id","enemy hero 5","enemy hero 5 group id","enemy hero 6","enemy hero 6 group id","own team hero 1","own team hero 1 group id","own team hero 2","own team hero 2 group id","own team hero 3","own team hero 3 group id","own team hero 4","own team hero 4 group id","own team hero 5","own team hero 5 group id","own team hero 6","own team hero 6 group id"
"2018-03-27 16:15:43.0665831 +0200 CEST",1522160143066,"","MAIN","NONE","","","","",0,0,0,,,"",,,,"","","","","","",,"",,"",,"",,"",,"",,"",0,"",0,"",0,"",0,"",0,"",0,"",0,"",0,"",0,"",0,"",0,"",0
"2018-03-27 16:16:52.5110941 +0200 CEST",1522160212511,"","MAIN","NONE","","","","",0,0,0,,,"",,,,"","","","","","",,"",,"",,"",,"",,"",,"",0,"",0,"",0,"",0,"",0,"",0,"",0,"",0,"",0,"",0,"",0,"",0
"2018-03-27 16:17:08.5103969 +0200 CEST",1522160228510,"","MAIN","NONE","","","","",0,0,0,,,"",,,,"","","","","","",,"",,"",,"",,"",,"",,"",0,"",0,"",0,"",0,"",0,"",0,"",0,"",0,"",0,"",0,"",0,"",0
"2018-03-27 16:17:11.7079986 +0200 CEST",1522160228510,"","OVERVIEW","NONE","","","","",0,1759,2032,,,"",,,,"","","","","","",,"",,"",,"",,"",,"",,"",0,"",0,"",0,"",0,"",0,"",0,"",0,"",0,"",0,"",0,"",0,"",0
"2018-03-27 16:17:16.0323148 +0200 CEST",1522160236032,"","MAIN","NONE","","","","",0,1759,2032,,,"",,,,"","","","","","",,"",,"",,"",,"",,"",,"",0,"",0,"",0,"",0,"",0,"",0,"",0,"",0,"",0,"",0,"",0,"",0
"2018-03-27 16:19:42.2983225 +0200 CEST",1522160236032,"0:00","TAB","START","NEPAL","COMPETITIVE PLAY","","McCree",0,1759,2032,0,0,"00:00",0,0,0,"( )","( )","( )","( )","( )","Weapon Accuracy",0,"Kill Streak - Best",0,"Final Blows",0,"Critical Hits",0,"Deadeye Kills",0,"Fan The Hammer Kill",0,"",0,"",0,"",0,"",0,"",1,"",1,"McCree",0,"Pharah",0,"Junkrat",0,"Roadhog",0,"Moira",1,"Soldier 76",1
"2018-03-27 16:19:48.9092542 +0200 CEST",1522160236032,"0:00","TAB","START","NEPAL","COMPETITIVE PLAY","","McCree",0,1759,2032,0,0,"00:00",0,0,0,"( )","( )","( )","( )","( )","Weapon Accuracy",0,"Kill Streak - Best",0,"Final Blows",0,"Critical Hits",0,"Deadeye Kills",0,"Fan The Hammer Kill",0,"",0,"",0,"",0,"",0,"",1,"",1,"McCree",0,"Pharah",0,"Junkrat",0,"Roadhog",0,"Moira",1,"Soldier 76",1
"2018-03-27 16:19:50.0455916 +0200 CEST",1522160236032,"0:00","TAB","START","NEPAL","COMPETITIVE PLAY","","McCree",0,1759,2032,0,0,"00:00",0,0,0,"( )","( )","( )","( )","( )","Weapon Accuracy",0,"Kill Streak - Best",0,"Final Blows",0,"Critical Hits",0,"Deadeye Kills",0,"Fan The Hammer Kill",0,"",0,"",0,"",0,"",0,"",1,"",1,"McCree",0,"Pharah",0,"Junkrat",0,"Roadhog",0,"Moira",1,"Zenyatta",1
"2018-03-27 16:20:05.1536396 +0200 CEST",1522160236032,"0:08","TAB","RUN","NEPAL","COMPETITIVE PLAY","","McCree",0,1759,2032,0,0,"00:00",0,0,0,"( )","( )","( )","( )","( )","Weapon Accuracy",0,"Kill Streak - Best",0,"Final Blows",0,"Critical Hits",0,"Deadeye Kills",0,"Fan The Hammer Kill",0,"",0,"",0,"",0,"",0,"",1,"",1,"McCree",0,"Pharah",0,"Junkrat",0,"Roadhog",0,"Moira",1,"Zenyatta",1
"2018-03-27 16:20:54.4897804 +0200 CEST",1522160236032,"0:57","TAB","RUN","NEPAL","COMPETITIVE PLAY","","McCree",0,1759,2032,0,0,"00:01",431,0,1,"( )","( )","G","( )","( )","Weapon Accuracy",26,"Kill Streak - Best",0,"Final Blows",0,"Critical Hits",0,"Deadeye Kills",0,"Fan The Hammer Kill",0,"Lucio",0,"Junkrat",0,"Tracer",0,"Zenyatta",0,"Roadhog",1,"Zarya",1,"McCree",0,"Pharah",0,"Junkrat",0,"Roadhog",0,"Moira",1,"Zenyatta",1
"2018-03-27 16:21:01.0231093 +0200 CEST",1522160236032,"1:03","TAB","RUN","NEPAL","COMPETITIVE PLAY","","McCree",0,1759,2032,0,0,"00:01",431,0,1,"( )","( )","G","( )","( )","Weapon Accuracy",26,"Kill Streak - Best",0,"Final Blows",0,"Critical Hits",0,"Deadeye Kills",0,"Fan The Hammer Kill",0,"Lucio",0,"Junkrat",0,"Tracer",0,"Zenyatta",0,"Roadhog",0,"Zarya",0,"McCree",0,"Pharah",0,"Junkrat",0,"Roadhog",0,"Moira",0,"Zenyatta",0
"2018-03-27 16:21:06.4602724 +0200 CEST",1522160236032,"1:09","TAB","RUN","NEPAL","COMPETITIVE PLAY","","McCree",0,1759,2032,0,0,"00:01",431,0,1,"( )","( )","G","( )","( )","Weapon Accuracy",26,"Kill Streak - Best",0,"Final Blows",0,"Critical Hits",0,"Deadeye Kills",0,"Fan The Hammer Kill",0,"Lucio",0,"Junkrat",0,"Tracer",0,"Zenyatta",0,"Roadhog",1,"Zarya",1,"McCree",0,"Pharah",0,"Junkrat",0,"Roadhog",0,"Moira",1,"Zenyatta",1
"2018-03-27 16:21:10.8792559 +0200 CEST",1522160236032,"1:13","TAB","RUN","NEPAL","COMPETITIVE PLAY","","McCree",0,1759,2032,0,0,"00:01",431,0,1,"( )","( )","G","( )","( )","Weapon Accuracy",26,"Kill Streak - Best",0,"Final Blows",0,"Critical Hits",0,"Deadeye Kills",0,"Fan The Hammer Kill",0,"Lucio",0,"Junkrat",0,"Tracer",0,"Zenyatta",0,"Roadhog",1,"Zarya",1,"McCree",0,"Pharah",0,"Junkrat",0,"Roadhog",0,"Moira",1,"Winston",1
"2018-03-27 16:21:41.9947047 +0200 CEST",1522160236032,"1:44","TAB","RUN","NEPAL","COMPETITIVE PLAY","","McCree",0,1759,2032,2,1,"00:08",800,0,1,"S","G","G","( )","( )","Weapon Accuracy",26,"Kill Streak - Best",2,"Final Blows",2,"Critical Hits",1,"Deadeye Kills",0,"Fan The Hammer Kill",1,"Lucio",0,"Junkrat",0,"Tracer",0,"Zenyatta",0,"Roadhog",1,"Zarya",1,"McCree",0,"Pharah",0,"Junkrat",0,"Roadhog",0,"Moira",1,"Winston",1
"2018-03-27 16:21:51.6872778 +0200 CEST",1522160236032,"1:54","TAB","RUN","NEPAL","COMPETITIVE PLAY","","McCree",0,1759,2032,2,1,"00:09",800,0,2,"S","G","G","( )","( )","Weapon Accuracy",26,"Kill Streak - Best",2,"Final Blows",2,"Critical Hits",1,"Deadeye Kills",0,"Fan The Hammer Kill",1,"Lucio",0,"Junkrat",0,"Tracer",0,"Zenyatta",0,"Roadhog",1,"Zarya",1,"McCree",0,"Pharah",0,"Junkrat",0,"Roadhog",0,"Moira",1,"Winston",1
"2018-03-27 16:22:01.3783137 +0200 CEST",1522160236032,"2:04","TAB","RUN","NEPAL","COMPETITIVE PLAY","","McCree",0,1759,2032,2,1,"00:09",800,0,2,"S","G","G","( )","( )","Weapon Accuracy",26,"Kill Streak - Best",2,"Final Blows",2,"Critical Hits",1,"Deadeye Kills",0,"Fan The Hammer Kill",1,"Lucio",0,"Junkrat",0,"Tracer",0,"Zenyatta",0,"Roadhog",1,"Zarya",1,"McCree",0,"Pharah",0,"Junkrat",0,"Roadhog",0,"Moira",1,"Winston",1
"2018-03-27 16:22:35.847376 +0200 CEST",1522160236032,"2:38","TAB","RUN","NEPAL","COMPETITIVE PLAY","","McCree",0,1759,2032,2,1,"00:09",800,0,3,"( )","G","G","( )","( )","Weapon Accuracy",25,"Kill Streak - Best",2,"Final Blows",2,"Critical Hits",1,"Deadeye Kills",0,"Fan The Hammer Kill",1,"Lucio",0,"Junkrat",0,"Tracer",0,"Zenyatta",0,"Roadhog",1,"Zarya",1,"McCree",0,"Pharah",0,"Junkrat",0,"Roadhog",0,"Moira",1,"Winston",1
"2018-03-27 16:22:44.5469794 +0200 CEST",1522160236032,"2:47","TAB","RUN","NEPAL","COMPETITIVE PLAY","","McCree",0,1759,2032,2,1,"00:09",800,0,3,"( )","G","G","( )","( )","Weapon Accuracy",25,"Kill Streak - Best",2,"Final Blows",2,"Critical Hits",1,"Deadeye Kills",0,"Fan The Hammer Kill",1,"Lucio",0,"Junkrat",0,"Tracer",0,"Zenyatta",0,"Roadhog",1,"Zarya",1,"McCree",0,"Pharah",0,"Junkrat",0,"Roadhog",0,"Moira",1,"Winston",1
"2018-03-27 16:23:42.611783 +0200 CEST",1522160236032,"3:44","TAB","RUN","NEPAL","COMPETITIVE PLAY","","McCree",0,1759,2032,5,2,"00:11",1657,0,3,"( )","S","S","( )","( )","Weapon Accuracy",31,"Kill Streak - Best",3,"Final Blows",4,"Critical Hits",4,"Deadeye Kills",1,"Fan The Hammer Kill",1,"Lucio",0,"Junkrat",0,"Tracer",0,"Zenyatta",0,"Roadhog",1,"Zarya",1,"McCree",0,"Pharah",0,"Junkrat",0,"Roadhog",0,"Moira",1,"Winston",1
"2018-03-27 16:23:59.0901512 +0200 CEST",1522160236032,"3:55","TAB","RUN","NEPAL","COMPETITIVE PLAY","","McCree",0,1759,2032,5,2,"00:11",1657,0,3,"( )","S","S","( )","( )","Weapon Accuracy",31,"Kill Streak - Best",3,"Final Blows",4,"Critical Hits",4,"Deadeye Kills",1,"Fan The Hammer Kill",1,"Lucio",0,"Junkrat",0,"Tracer",0,"Zenyatta",0,"Roadhog",1,"Zarya",1,"McCree",0,"Pharah",0,"Junkrat",0,"Roadhog",0,"Moira",1,"Winston",1
"2018-03-27 16:24:01.3667886 +0200 CEST",1522160236032,"3:55","TAB","RUN","NEPAL","COMPETITIVE PLAY","","McCree",0,1759,2032,5,2,"00:11",1657,0,3,"( )","S","S","( )","( )","Weapon Accuracy",31,"Kill Streak - Best",3,"Final Blows",4,"Critical Hits",4,"Deadeye Kills",1,"Fan The Hammer Kill",1,"Lucio",0,"Junkrat",0,"Tracer",0,"Zenyatta",0,"Roadhog",1,"Zarya",1,"McCree",0,"Pharah",0,"Junkrat",0,"Roadhog",0,"Moira",1,"Lucio",1
"2018-03-27 16:24:05.7083764 +0200 CEST",1522160236032,"3:55","TAB","RUN","NEPAL","COMPETITIVE PLAY","","McCree",0,1759,2032,5,2,"00:11",1657,0,3,"( )","S","S","( )","( )","Weapon Accuracy",31,"Kill Streak - Best",3,"Final Blows",4,"Critical Hits",4,"Deadeye Kills",1,"Fan The Hammer Kill",1,"Lucio",0,"Junkrat",0,"Tracer",0,"Zenyatta",0,"Roadhog",1,"Zarya",1,"McCree",0,"Pharah",0,"Junkrat",0,"Roadhog",0,"Moira",1,"Lucio",1
"2018-03-27 16:24:16.5290849 +0200 CEST",1522160236032,"3:55","TAB","RUN","NEPAL","COMPETITIVE PLAY","","McCree",0,1759,2032,5,2,"00:11",1657,0,3,"( )","S","S","( )","( )","Weapon Accuracy",31,"Kill Streak - Best",3,"Final Blows",4,"Critical Hits",4,"Deadeye Kills",1,"Fan The Hammer Kill",1,"Lucio",0,"Junkrat",0,"Tracer",0,"Zenyatta",0,"Roadhog",1,"Zarya",1,"McCree",0,"Pharah",0,"Junkrat",0,"Roadhog",0,"Moira",1,"Lucio",1
"2018-03-27 16:25:01.5207286 +0200 CEST",1522160236032,"4:29","TAB","RUN","NEPAL","COMPETITIVE PLAY","","McCree",0,1759,2032,5,2,"00:11",1797,0,4,"( )","S","B","( )","( )","Weapon Accuracy",30,"Kill Streak - Best",3,"Final Blows",4,"Critical Hits",4,"Deadeye Kills",1,"Fan The Hammer Kill",1,"Lucio",0,"Soldier 76",1,"Tracer",1,"Genji",0,"Roadhog",2,"Reinhardt",2,"McCree",0,"Pharah",0,"Junkrat",0,"Roadhog",0,"Moira",1,"Lucio",1
"2018-03-27 16:25:09.0839311 +0200 CEST",1522160236032,"4:37","TAB","RUN","NEPAL","COMPETITIVE PLAY","","McCree",0,1759,2032,5,2,"00:11",1797,0,4,"( )","( )","B","( )","( )","Weapon Accuracy",30,"Kill Streak - Best",3,"Final Blows",4,"Critical Hits",4,"Deadeye Kills",1,"Fan The Hammer Kill",1,"Lucio",0,"Soldier 76",0,"Tracer",0,"Genji",0,"Roadhog",1,"Reinhardt",1,"McCree",0,"Pharah",0,"Junkrat",0,"Roadhog",0,"Moira",1,"Lucio",1
"2018-03-27 16:25:11.2984472 +0200 CEST",1522160236032,"4:39","TAB","RUN","NEPAL","COMPETITIVE PLAY","","McCree",0,1759,2032,5,2,"00:11",1797,0,4,"( )","( )","B","( )","( )","Weapon Accuracy",30,"Kill Streak - Best",3,"Final Blows",4,"Critical Hits",4,"Deadeye Kills",1,"Fan The Hammer Kill",1,"Lucio",0,"Soldier 76",0,"Tracer",0,"Genji",0,"Roadhog",1,"Reinhardt",1,"McCree",0,"Pharah",0,"Junkrat",0,"Roadhog",0,"Moira",1,"Lucio",1
"2018-03-27 16:25:18.9167209 +0200 CEST",1522160236032,"4:47","TAB","RUN","NEPAL","COMPETITIVE PLAY","","McCree",0,1759,2032,5,2,"00:11",1797,0,4,"( )","( )","B","( )","( )","Weapon Accuracy",30,"Kill Streak - Best",3,"Final Blows",4,"Critical Hits",4,"Deadeye Kills",1,"Fan The Hammer Kill",1,"Lucio",0,"Soldier 76",0,"Tracer",0,"Genji",0,"Roadhog",1,"Reinhardt",1,"McCree",0,"Pharah",0,"Junkrat",0,"Roadhog",0,"Moira",1,"Lucio",1
"2018-03-27 16:25:37.0817116 +0200 CEST",1522160236032,"4:47","DEFEAT","END","NEPAL","COMPETITIVE PLAY","","McCree",0,1759,2032,5,2,"00:11",1797,0,4,"( )","( )","B","( )","( )","Weapon Accuracy",30,"Kill Streak - Best",3,"Final Blows",4,"Critical Hits",4,"Deadeye Kills",1,"Fan The Hammer Kill",1,"Lucio",0,"Soldier 76",0,"Tracer",0,"Genji",0,"Roadhog",1,"Reinhardt",1,"McCree",0,"Pharah",0,"Junkrat",0,"Roadhog",0,"Moira",1,"Lucio",1
"2018-03-27 16:25:49.9785777 +0200 CEST",1522160236032,"5:18","TAB","RUN","NEPAL","COMPETITIVE PLAY","","McCree",0,1759,2032,8,4,"00:13",2258,0,5,"( )","B","( )","( )","( )","Weapon Accuracy",34,"Kill Streak - Best",3,"Final Blows",6,"Critical Hits",4,"Deadeye Kills",1,"Fan The Hammer Kill",3,"Lucio",0,"Junkrat",0,"Tracer",0,"Genji",0,"Roadhog",1,"Reinhardt",1,"McCree",0,"Pharah",0,"Junkrat",0,"Roadhog",0,"Moira",1,"Lucio",1
"2018-03-27 16:26:01.9778519 +0200 CEST",1522160236032,"5:30","TAB","RUN","NEPAL","COMPETITIVE PLAY","","McCree",0,1759,2032,8,4,"00:13",2258,0,5,"( )","B","( )","( )","( )","Weapon Accuracy",34,"Kill Streak - Best",3,"Final Blows",6,"Critical Hits",4,"Deadeye Kills",1,"Fan The Hammer Kill",3,"Lucio",0,"Junkrat",0,"Tracer",0,"Mercy",0,"Roadhog",1,"Reinhardt",1,"McCree",0,"Pharah",0,"Junkrat",0,"Roadhog",0,"Moira",1,"Lucio",1
"2018-03-27 16:26:19.1407821 +0200 CEST",1522160236032,"5:47","TAB","RUN","NEPAL","COMPETITIVE PLAY","","McCree",0,1759,2032,8,4,"00:14",2308,0,6,"( )","B","B","( )","( )","Weapon Accuracy",34,"Kill Streak - Best",3,"Final Blows",6,"Critical Hits",4,"Deadeye Kills",1,"Fan The Hammer Kill",3,"Lucio",0,"Junkrat",0,"Tracer",0,"Mercy",0,"Roadhog",1,"Reinhardt",1,"McCree",0,"Pharah",0,"Junkrat",0,"Roadhog",0,"Moira",1,"Lucio",1
"2018-03-27 16:27:14.7547508 +0200 CEST",1522160236032,"6:43","TAB","RUN","NEPAL","COMPETITIVE PLAY","","McCree",0,1759,2032,9,4,"00:14",2673,0,7,"( )","B","( )","( )","( )","Weapon Accuracy",33,"Kill Streak - Best",3,"Final Blows",7,"Critical Hits",4,"Deadeye Kills",2,"Fan The Hammer Kill",3,"Lucio",0,"Junkrat",0,"Tracer",0,"Mercy",0,"Roadhog",1,"Reinhardt",1,"McCree",0,"Pharah",0,"Junkrat",0,"Roadhog",0,"Moira",1,"Lucio",1
"2018-03-27 16:27:18.0305831 +0200 CEST",1522160236032,"6:46","TAB","RUN","NEPAL","COMPETITIVE PLAY","","McCree",0,1759,2032,9,4,"00:14",2673,0,7,"( )","B","( )","( )","( )","Weapon Accuracy",33,"Kill Streak - Best",3,"Final Blows",7,"Critical Hits",4,"Deadeye Kills",2,"Fan The Hammer Kill",3,"Lucio",0,"Junkrat",0,"Tracer",0,"Mercy",0,"Roadhog",1,"Reinhardt",1,"McCree",0,"Pharah",0,"Junkrat",0,"Roadhog",0,"Moira",1,"Lucio",1
"2018-03-27 16:27:27.8109534 +0200 CEST",1522160236032,"6:56","TAB","RUN","NEPAL","COMPETITIVE PLAY","","McCree",0,1759,2032,9,4,"00:14",2673,0,7,"( )","B","( )","( )","( )","Weapon Accuracy",33,"Kill Streak - Best",3,"Final Blows",7,"Critical Hits",4,"Deadeye Kills",2,"Fan The Hammer Kill",3,"Lucio",0,"Junkrat",0,"Tracer",0,"Mercy",0,"Roadhog",1,"Reinhardt",1,"McCree",0,"Pharah",0,"Junkrat",0,"Roadhog",0,"Moira",1,"Lucio",1
"2018-03-27 16:27:31.1703146 +0200 CEST",1522160236032,"6:59","TAB","RUN","NEPAL","COMPETITIVE PLAY","","McCree",0,1759,2032,9,4,"00:14",2673,0,7,"( )","B","( )","( )","( )","Weapon Accuracy",33,"Kill Streak - Best",3,"Final Blows",7,"Critical Hits",4,"Deadeye Kills",2,"Fan The Hammer Kill",3,"Lucio",0,"Junkrat",0,"Tracer",0,"Mercy",0,"Roadhog",1,"Reinhardt",1,"McCree",0,"Pharah",0,"Junkrat",0,"Roadhog",0,"Moira",1,"Lucio",1
"2018-03-27 16:28:03.2864443 +0200 CEST",1522160236032,"7:31","TAB","RUN","NEPAL","COMPETITIVE PLAY","","McCree",0,1759,2032,9,4,"00:25",2873,0,8,"( )","( )","B","( )","( )","Weapon Accuracy",30,"Kill Streak - Best",3,"Final Blows",7,"Critical Hits",4,"Deadeye Kills",2,"Fan The Hammer Kill",3,"Lucio",0,"Junkrat",0,"Tracer",0,"Mercy",0,"Roadhog",1,"Reinhardt",1,"McCree",0,"D.Va",0,"Junkrat",0,"Roadhog",0,"Moira",1,"Lucio",1
"2018-03-27 16:28:23.6366937 +0200 CEST",1522160236032,"7:51","TAB","RUN","NEPAL","COMPETITIVE PLAY","","McCree",0,1759,2032,9,4,"00:25",2873,0,8,"( )","( )","B","( )","( )","Weapon Accuracy",30,"Kill Streak - Best",3,"Final Blows",7,"Critical Hits",4,"Deadeye Kills",2,"Fan The Hammer Kill",3,"Lucio",0,"Junkrat",0,"Tracer",0,"Mercy",0,"Roadhog",1,"Reinhardt",1,"McCree",0,"D.Va",0,"Junkrat",0,"Roadhog",0,"Moira",1,"Lucio",1
"2018-03-27 16:28:57.9701029 +0200 CEST",1522160236032,"8:26","TAB","RUN","NEPAL","COMPETITIVE PLAY","","McCree",0,1759,2032,10,5,"00:25",3192,0,9,"( )","B","( )","( )","( )","Weapon Accuracy",29,"Kill Streak - Best",3,"Final Blows",7,"Critical Hits",4,"Deadeye Kills",2,"Fan The Hammer Kill",3,"Lucio",0,"Junkrat",0,"Tracer",0,"Mercy",0,"Roadhog",1,"Reinhardt",1,"McCree",0,"D.Va",0,"Junkrat",0,"Roadhog",0,"Moira",1,"Lucio",1
"2018-03-27 16:29:43.9729337 +0200 CEST",1522160236032,"9:11","TAB","RUN","NEPAL","COMPETITIVE PLAY","","McCree",0,1759,2032,10,5,"00:28",3397,0,10,"( )","( )","( )","( )","( )","Weapon Accuracy",31,"Kill Streak - Best",3,"Final Blows",7,"Critical Hits",4,"Deadeye Kills",2,"Fan The Hammer Kill",3,"Lucio",0,"Junkrat",0,"Tracer",0,"Mercy",0,"Roadhog",1,"Reinhardt",1,"McCree",0,"D.Va",0,"Reinhardt",0,"Roadhog",0,"Moira",1,"Lucio",1
"2018-03-27 16:30:30.0575163 +0200 CEST",1522160236032,"9:23","TAB","RUN","NEPAL","COMPETITIVE PLAY","","McCree",0,1759,2032,10,5,"00:28",3397,0,10,"( )","( )","( )","( )","( )","Weapon Accuracy",31,"Kill Streak - Best",3,"Final Blows",7,"Critical Hits",4,"Deadeye Kills",2,"Fan The Hammer Kill",3,"Lucio",0,"Junkrat",0,"Tracer",0,"Mercy",0,"Roadhog",1,"Reinhardt",1,"McCree",0,"D.Va",0,"Junkrat",0,"Roadhog",0,"Moira",1,"Lucio",1
"2018-03-27 16:30:54.7093342 +0200 CEST",1522160236032,"9:48","TAB","RUN","NEPAL","COMPETITIVE PLAY","","McCree",0,1759,2032,10,5,"00:28",3459,0,11,"( )","( )","( )","( )","( )","Weapon Accuracy",31,"Kill Streak - Best",3,"Final Blows",7,"Critical Hits",4,"Deadeye Kills",2,"Fan The Hammer Kill",3,"Lucio",0,"Junkrat",0,"Tracer",0,"Mercy",0,"Roadhog",1,"Reinhardt",1,"McCree",0,"D.Va",0,"Reinhardt",0,"Roadhog",0,"Moira",1,"Junkrat",1
"2018-03-27 16:30:55.8521945 +0200 CEST",1522160236032,"9:49","TAB","RUN","NEPAL","COMPETITIVE PLAY","","McCree",0,1759,2032,10,5,"00:28",3459,0,11,"( )","( )","( )","( )","( )","Weapon Accuracy",31,"Kill Streak - Best",3,"Final Blows",7,"Critical Hits",4,"Deadeye Kills",2,"Fan The Hammer Kill",3,"Lucio",0,"Junkrat",0,"Tracer",0,"Mercy",0,"Roadhog",0,"Reinhardt",0,"McCree",0,"D.Va",0,"Reinhardt",0,"Roadhog",0,"Moira",0,"Junkrat",0
"2018-03-27 16:30:56.9942765 +0200 CEST",1522160236032,"9:50","TAB","RUN","NEPAL","COMPETITIVE PLAY","","McCree",0,1759,2032,10,5,"00:28",3459,0,11,"( )","( )","( )","( )","( )","Weapon Accuracy",31,"Kill Streak - Best",3,"Final Blows",7,"Critical Hits",4,"Deadeye Kills",2,"Fan The Hammer Kill",3,"Lucio",0,"Junkrat",0,"Tracer",0,"Mercy",0,"Roadhog",1,"Reinhardt",1,"McCree",0,"D.Va",0,"Reinhardt",0,"Roadhog",0,"Moira",1,"Junkrat",1
"2018-03-27 16:31:07.76111 +0200 CEST",1522160236032,"10:01","TAB","RUN","NEPAL","COMPETITIVE PLAY","","McCree",0,1759,2032,10,5,"00:28",3459,0,11,"( )","( )","( )","( )","( )","Weapon Accuracy",31,"Kill Streak - Best",3,"Final Blows",7,"Critical Hits",4,"Deadeye Kills",2,"Fan The Hammer Kill",3,"Lucio",0,"Junkrat",0,"Tracer",0,"Mercy",0,"Roadhog",1,"Reinhardt",1,"McCree",0,"D.Va",0,"Reinhardt",0,"Roadhog",0,"Moira",1,"Junkrat",1
"2018-03-27 16:32:03.475926 +0200 CEST",1522160236032,"10:57","TAB","RUN","NEPAL","COMPETITIVE PLAY","","McCree",0,1759,2032,12,5,"00:41",4128,0,12,"( )","( )","( )","( )","( )","Weapon Accuracy",32,"Kill Streak - Best",3,"Final Blows",7,"Critical Hits",4,"Deadeye Kills",2,"Fan The Hammer Kill",4,"Lucio",0,"Junkrat",0,"Tracer",0,"Mercy",0,"Roadhog",1,"Reinhardt",1,"McCree",0,"D.Va",0,"Reinhardt",0,"Roadhog",0,"Moira",1,"Junkrat",1
"2018-03-27 16:32:12.1083605 +0200 CEST",1522160236032,"11:05","TAB","RUN","NEPAL","COMPETITIVE PLAY","","McCree",0,1759,2032,12,5,"00:41",4128,0,12,"( )","( )","( )","( )","( )","Weapon Accuracy",32,"Kill Streak - Best",3,"Final Blows",7,"Critical Hits",4,"Deadeye Kills",2,"Fan The Hammer Kill",4,"Lucio",0,"Junkrat",0,"Tracer",0,"Mercy",0,"Roadhog",1,"Reinhardt",1,"McCree",0,"D.Va",0,"Reinhardt",0,"Roadhog",0,"Moira",1,"Junkrat",1
"2018-03-27 16:32:17.7656009 +0200 CEST",1522160236032,"11:11","TAB","RUN","NEPAL","COMPETITIVE PLAY","","McCree",0,1759,2032,12,5,"00:41",4128,0,12,"( )","( )","( )","( )","( )","Weapon Accuracy",32,"Kill Streak - Best",3,"Final Blows",7,"Critical Hits",4,"Deadeye Kills",2,"Fan The Hammer Kill",4,"Lucio",0,"Junkrat",0,"Tracer",0,"Mercy",0,"Roadhog",1,"Reinhardt",1,"McCree",0,"D.Va",0,"Reinhardt",0,"Roadhog",0,"Moira",1,"Junkrat",1
"2018-03-27 16:33:15.5377018 +0200 CEST",1522160236032,"11:12","VICTORY","END","NEPAL","COMPETITIVE PLAY","","McCree",0,1759,2032,12,5,"00:41",4128,0,12,"( )","( )","( )","( )","( )","Weapon Accuracy",32,"Kill Streak - Best",3,"Final Blows",7,"Critical Hits",4,"Deadeye Kills",2,"Fan The Hammer Kill",4,"Lucio",0,"Junkrat",0,"Tracer",0,"Mercy",0,"Roadhog",1,"Reinhardt",1,"McCree",0,"D.Va",0,"Reinhardt",0,"Roadhog",0,"Moira",1,"Junkrat",1
"2018-03-27 16:34:15.4505196 +0200 CEST",1522160236032,"13:09","TAB","RUN","NEPAL","COMPETITIVE PLAY","","McCree",0,1759,2032,17,9,"00:50",5573,0,13,"( )","( )","( )","( )","( )","Weapon Accuracy",33,"Kill Streak - Best",4,"Final Blows",8,"Critical Hits",4,"Deadeye Kills",3,"Fan The Hammer Kill",7,"Lucio",0,"Reaper",0,"Tracer",0,"Mercy",0,"Roadhog",1,"Reinhardt",1,"McCree",0,"D.Va",0,"Reinhardt",0,"Reaper",0,"Moira",1,"Junkrat",1
"2018-03-27 16:34:21.1240051 +0200 CEST",1522160236032,"13:14","TAB","RUN","NEPAL","COMPETITIVE PLAY","","McCree",0,1759,2032,17,9,"00:50",5573,0,13,"( )","( )","( )","( )","( )","Weapon Accuracy",33,"Kill Streak - Best",4,"Final Blows",8,"Critical Hits",4,"Deadeye Kills",3,"Fan The Hammer Kill",7,"Lucio",0,"Reaper",0,"Tracer",0,"Mercy",0,"Roadhog",1,"Reinhardt",1,"McCree",0,"D.Va",0,"Reinhardt",0,"Reaper",0,"Moira",1,"Junkrat",1
"2018-03-27 16:34:53.3139781 +0200 CEST",1522160236032,"13:47","TAB","RUN","NEPAL","COMPETITIVE PLAY","","McCree",0,1759,2032,21,12,"01:04",6135,0,14,"( )","( )","( )","( )","( )","Weapon Accuracy",34,"Kill Streak - Best",5,"Final Blows",11,"Critical Hits",4,"Deadeye Kills",3,"Fan The Hammer Kill",9,"Lucio",0,"Reaper",0,"Tracer",0,"Mercy",0,"Roadhog",0,"Reinhardt",0,"McCree",0,"D.Va",0,"Reinhardt",0,"Reaper",0,"Moira",0,"Junkrat",0
"2018-03-27 16:34:55.535405 +0200 CEST",1522160236032,"13:49","TAB","RUN","NEPAL","COMPETITIVE PLAY","","McCree",0,1759,2032,21,12,"01:05",6135,0,14,"( )","( )","( )","( )","( )","Weapon Accuracy",34,"Kill Streak - Best",5,"Final Blows",11,"Critical Hits",4,"Deadeye Kills",3,"Fan The Hammer Kill",9,"Lucio",0,"Reaper",0,"Tracer",0,"Mercy",0,"Roadhog",1,"Reinhardt",1,"McCree",0,"D.Va",0,"Reinhardt",0,"Reaper",0,"Moira",1,"Junkrat",1
"2018-03-27 16:35:03.095122 +0200 CEST",1522160236032,"13:55","TAB","RUN","NEPAL","COMPETITIVE PLAY","","McCree",0,1759,2032,21,12,"01:05",6135,0,14,"( )","( )","( )","( )","( )","Weapon Accuracy",34,"Kill Streak - Best",5,"Final Blows",11,"Critical Hits",4,"Deadeye Kills",3,"Fan The Hammer Kill",9,"Lucio",0,"Reaper",0,"Tracer",0,"Mercy",0,"Roadhog",1,"Reinhardt",1,"McCree",0,"D.Va",0,"Reinhardt",0,"Reaper",0,"Moira",1,"Junkrat",1
"2018-03-27 16:35:09.5609664 +0200 CEST",1522160236032,"13:55","TAB","RUN","NEPAL","COMPETITIVE PLAY","","McCree",0,1759,2032,21,12,"01:05",6135,0,14,"( )","( )","( )","( )","( )","Weapon Accuracy",34,"Kill Streak - Best",5,"Final Blows",11,"Critical Hits",4,"Deadeye Kills",3,"Fan The Hammer Kill",9,"Lucio",0,"Tracer",0,"Roadhog",1,"Mercy",1,"Roadhog",0,"Reinhardt",0,"McCree",0,"D.Va",0,"Reinhardt",0,"Reaper",0,"Moira",1,"Junkrat",1
"2018-03-27 16:35:31.965127 +0200 CEST",1522160236032,"13:55","ENDING","END","NEPAL","COMPETITIVE PLAY","","McCree",0,1759,2032,21,12,"01:05",6135,0,14,"( )","( )","( )","( )","( )","Weapon Accuracy",34,"Kill Streak - Best",5,"Final Blows",11,"Critical Hits",4,"Deadeye Kills",3,"Fan The Hammer Kill",9,"Lucio",0,"Tracer",0,"Roadhog",1,"Mercy",1,"Roadhog",0,"Reinhardt",0,"McCree",0,"D.Va",0,"Reinhardt",0,"Reaper",0,"Moira",1,"Junkrat",1
"2018-03-27 16:36:04.0055929 +0200 CEST",1522160236032,"13:55","SRGAIN","END","NEPAL","COMPETITIVE PLAY","","McCree",0,1759,2032,21,12,"01:05",6135,0,14,"( )","( )","( )","( )","( )","Weapon Accuracy",34,"Kill Streak - Best",5,"Final Blows",11,"Critical Hits",4,"Deadeye Kills",3,"Fan The Hammer Kill",9,"Lucio",0,"Tracer",0,"Roadhog",1,"Mercy",1,"Roadhog",0,"Reinhardt",0,"McCree",0,"D.Va",0,"Reinhardt",0,"Reaper",0,"Moira",1,"Junkrat",1
"2018-03-27 16:36:14.8495249 +0200 CEST",1522160236032,"13:55","SRGAIN","END","NEPAL","COMPETITIVE PLAY","","McCree",0,1779,2032,21,12,"01:05",6135,0,14,"( )","( )","( )","( )","( )","Weapon Accuracy",34,"Kill Streak - Best",5,"Final Blows",11,"Critical Hits",4,"Deadeye Kills",3,"Fan The Hammer Kill",9,"Lucio",0,"Tracer",0,"Roadhog",1,"Mercy",1,"Roadhog",0,"Reinhardt",0,"McCree",0,"D.Va",0,"Reinhardt",0,"Reaper",0,"Moira",1,"Junkrat",1
"2018-03-27 16:36:14.8495249 +0200 CEST",1522161374849,"","MAIN","NONE","","","","",0,1779,2032,,,"",,,,"","","","","","",,"",,"",,"",,"",,"",,"",0,"",0,"",0,"",0,"",0,"",0,"",0,"",0,"",0,"",0,"",0,"",0
"2018-03-27 16:36:25.5108634 +0200 CEST",1522161385510,"","MAIN","NONE","","","","",0,1779,2032,,,"",,,,"","","","","","",,"",,"",,"",,"",,"",,"",0,"",0,"",0,"",0,"",0,"",0,"",0,"",0,"",0,"",0,"",0,"",0
"2018-03-27 16:36:56.4316405 +0200 CEST",1522161416431,"","MAIN","NONE","","","","",0,1779,2032,,,"",,,,"","","","","","",,"",,"",,"",,"",,"",,"",0,"",0,"",0,"",0,"",0,"",0,"",0,"",0,"",0,"",0,"",0,"",0
"2018-03-27 16:37:09.2383154 +0200 CEST",1522161416431,"","OVERVIEW","NONE","","","","",0,1779,2032,,,"",,,,"","","","","","",,"",,"",,"",,"",,"",,"",0,"",0,"",0,"",0,"",0,"",0,"",0,"",0,"",0,"",0,"",0,"",0
"2018-03-27 16:37:30.8787925 +0200 CEST",1522161450878,"","MAIN","NONE","","","","",0,1779,2032,,,"",,,,"","","","","","",,"",,"",,"",,"",,"",,"",0,"",0,"",0,"",0,"",0,"",0,"",0,"",0,"",0,"",0,"",0,"",0
"2018-03-27 16:38:01.818477 +0200 CEST",1522161481818,"","MAIN","NONE","","","","",0,1779,2032,,,"",,,,"","","","","","",,"",,"",,"",,"",,"",,"",0,"",0,"",0,"",0,"",0,"",0,"",0,"",0,"",0,"",0,"",0,"",0
"2018-03-27 16:42:12.4592272 +0200 CEST",1522161481818,"0:00","TAB","START","JUNKERTOWN","COMPETITIVE PLAY","","McCree",0,1779,2032,0,0,"00:00",0,0,0,"( )","( )","( )","( )","( )","Weapon Accuracy",0,"Kill Streak - Best",0,"Final Blows",0,"Critical Hits",0,"Deadeye Kills",0,"Fan The Hammer Kill",0,"",0,"",0,"",0,"",0,"",1,"",1,"McCree",0,"Ana",0,"Symmetra",0,"Junkrat",0,"Reinhardt",1,"",1
"2018-03-27 16:42:14.7664543 +0200 CEST",1522161481818,"0:00","TAB","START","JUNKERTOWN","COMPETITIVE PLAY","","McCree",0,1779,2032,0,0,"00:00",0,0,0,"( )","( )","( )","( )","( )","Weapon Accuracy",0,"Kill Streak - Best",0,"Final Blows",0,"Critical Hits",0,"Deadeye Kills",0,"Fan The Hammer Kill",0,"",0,"",0,"",0,"",0,"",1,"",1,"McCree",0,"Mercy",0,"Symmetra",0,"Junkrat",0,"Reinhardt",1,"",1
"2018-03-27 16:42:19.1219372 +0200 CEST",1522161481818,"0:00","TAB","START","JUNKERTOWN","COMPETITIVE PLAY","","McCree",0,1779,2032,0,0,"00:00",0,0,0,"( )","( )","( )","( )","( )","Weapon Accuracy",0,"Kill Streak - Best",0,"Final Blows",0,"Critical Hits",0,"Deadeye Kills",0,"Fan The Hammer Kill",0,"",0,"",0,"",0,"",0,"",1,"",1,"McCree",0,"Mercy",0,"Symmetra",0,"Junkrat",0,"Reinhardt",1,"D.Va",1
"2018-03-27 16:42:23.557352 +0200 CEST",1522161481818,"0:00","TAB","START","JUNKERTOWN","COMPETITIVE PLAY","","McCree",0,1779,2032,0,0,"00:00",0,0,0,"( )","( )","( )","( )","( )","Weapon Accuracy",0,"Kill Streak - Best",0,"Final Blows",0,"Critical Hits",0,"Deadeye Kills",0,"Fan The Hammer Kill",0,"",0,"",0,"",0,"",0,"",1,"",1,"McCree",0,"Mercy",0,"Symmetra",0,"Junkrat",0,"Reinhardt",1,"D.Va",1
"2018-03-27 16:45:19.9476896 +0200 CEST",1522161481818,"2:11","TAB","RUN","JUNKERTOWN","COMPETITIVE PLAY","","McCree",0,1779,2032,7,1,"00:03",2688,0,1,"B","B","( )","S","( )","Weapon Accuracy",57,"Kill Streak - Best",7,"Final Blows",4,"Critical Hits",1,"Deadeye Kills",0,"Fan The Hammer Kill",5,"",0,"Ana",0,"",0,"Orisa",0,"Moira",1,"Reinhardt",1,"McCree",0,"Mercy",0,"Symmetra",0,"Junkrat",0,"Reinhardt",1,"D.Va",1
"2018-03-27 16:46:58.3859671 +0200 CEST",1522161481818,"3:50","TAB","RUN","JUNKERTOWN","COMPETITIVE PLAY","","McCree",0,1779,2032,11,3,"00:05",5154,0,2,"B","B","( )","S","( )","Weapon Accuracy",57,"Kill Streak - Best",7,"Final Blows",6,"Critical Hits",2,"Deadeye Kills",1,"Fan The Hammer Kill",8,"Pharah",0,"McCree",0,"Winston",0,"Ana",0,"Moira",1,"Reinhardt",1,"McCree",0,"Mercy",0,"Symmetra",0,"Junkrat",0,"Reinhardt",1,"D.Va",1
"2018-03-27 16:47:26.330342 +0200 CEST",1522161481818,"4:17","TAB","RUN","JUNKERTOWN","COMPETITIVE PLAY","","McCree",0,1779,2032,11,3,"00:05",5250,0,3,"B","B","( )","S","( )","Weapon Accuracy",56,"Kill Streak - Best",7,"Final Blows",6,"Critical Hits",2,"Deadeye Kills",1,"Fan The Hammer Kill",8,"Pharah",0,"McCree",0,"Winston",0,"Ana",0,"Moira",1,"Reinhardt",1,"McCree",0,"Mercy",0,"Symmetra",0,"Junkrat",0,"Reinhardt",1,"D.Va",1
"2018-03-27 16:49:46.3173654 +0200 CEST",1522161481818,"4:43","TAB","RUN","JUNKERTOWN","COMPETITIVE PLAY","","McCree",0,1779,2032,11,3,"00:05",5250,0,3,"B","B","( )","S","( )","Weapon Accuracy",56,"Kill Streak - Best",7,"Final Blows",6,"Critical Hits",2,"Deadeye Kills",1,"Fan The Hammer Kill",8,"Pharah",0,"McCree",0,"Winston",0,"Ana",0,"Moira",1,"Reinhardt",1,"McCree",0,"Mercy",0,"Symmetra",0,"Winston",0,"Reinhardt",1,"Doomfist",1
"2018-03-27 16:50:23.8740905 +0200 CEST",1522161481818,"5:17","TAB","RUN","JUNKERTOWN","COMPETITIVE PLAY","","McCree",0,1779,2032,11,3,"00:09",5760,0,4,"B","B","B","S","( )","Weapon Accuracy",56,"Kill Streak - Best",7,"Final Blows",6,"Critical Hits",2,"Deadeye Kills",1,"Fan The Hammer Kill",8,"Pharah",0,"Ana",0,"Torbjorn",0,"Symmetra",0,"Zarya",1,"Reinhardt",1,"McCree",0,"Mercy",0,"Symmetra",0,"Winston",0,"Reinhardt",1,"Doomfist",1
"2018-03-27 16:52:38.5154224 +0200 CEST",1522161481818,"5:18","ENDING","END","JUNKERTOWN","COMPETITIVE PLAY","","McCree",0,1779,2032,11,3,"00:09",5760,0,4,"B","B","B","S","( )","Weapon Accuracy",56,"Kill Streak - Best",7,"Final Blows",6,"Critical Hits",2,"Deadeye Kills",1,"Fan The Hammer Kill",8,"Pharah",0,"Ana",0,"Torbjorn",0,"Symmetra",0,"Zarya",1,"Reinhardt",1,"McCree",0,"Mercy",0,"Symmetra",0,"Winston",0,"Reinhardt",1,"Doomfist",1
"2018-03-27 16:53:10.5691725 +0200 CEST",1522161481818,"5:18","SRGAIN","END","JUNKERTOWN","COMPETITIVE PLAY","","McCree",0,1779,2032,11,3,"00:09",5760,0,4,"B","B","B","S","( )","Weapon Accuracy",56,"Kill Streak - Best",7,"Final Blows",6,"Critical Hits",2,"Deadeye Kills",1,"Fan The Hammer Kill",8,"Pharah",0,"Ana",0,"Torbjorn",0,"Symmetra",0,"Zarya",1,"Reinhardt",1,"McCree",0,"Mercy",0,"Symmetra",0,"Winston",0,"Reinhardt",1,"Doomfist",1
"2018-03-27 16:53:21.4082425 +0200 CEST",1522161481818,"5:18","SRGAIN","END","JUNKERTOWN","COMPETITIVE PLAY","","McCree",0,1803,2032,11,3,"00:09",5760,0,4,"B","B","B","S","( )","Weapon Accuracy",56,"Kill Streak - Best",7,"Final Blows",6,"Critical Hits",2,"Deadeye Kills",1,"Fan The Hammer Kill",8,"Pharah",0,"Ana",0,"Torbjorn",0,"Symmetra",0,"Zarya",1,"Reinhardt",1,"McCree",0,"Mercy",0,"Symmetra",0,"Winston",0,"Reinhardt",1,"Doomfist",1
"2018-03-27 16:53:21.4082425 +0200 CEST",1522162401408,"","MAIN","NONE","","","","",0,1803,2032,,,"",,,,"","","","","","",,"",,"",,"",,"",,"",,"",0,"",0,"",0,"",0,"",0,"",0,"",0,"",0,"",0,"",0,"",0,"",0
